top_x_pct,threshold_p1,threshold_p2,n_top_p1_joined,n_top_p2_joined,n_intersection,jaccard
5,2.7355657051059112,2.730278220015864,2,2,2,1.0
10,2.6240523298974527,2.6197263227996945,3,3,3,1.0
20,2.050478550695681,2.049832850090053,5,5,4,0.6666666666666666
